name,Label,indegree,outdegree,degree,weighted indegree,weighted outdegree,weighted degree,Eccentricity,closnesscentrality,harmonicclosnesscentrality,betweenesscentrality,componentnumber,strongcompnum,modularity_class,clustering
2吉不是老邢,2吉不是老邢,0,42670,1500,0,43741,43741,2,0.992021,0.995978,0,0,47012,1,0
卢诗翰,卢诗翰,0,932,932,0,1019,1019,3,0.69344,0.781383,0,0,2174,0,0.000153
周末双休不犯法,周末双休不犯法,0,663,663,0,673,673,1,1,1,0,0,47968,1,0
伊利达雷之怒,伊利达雷之怒,2,516,518,2,624,626,3,0.82293,0.897059,896.666667,0,1082,0,0.000439
正宗爹味酱,正宗爹味酱,0,348,348,0,353,353,2,0.997143,0.998567,0,0,48706,1,0
火鸡苗_,火鸡苗_,1,305,306,1,310,311,1,1,1,268,0,11538,1,0
阑夕,阑夕,0,298,298,0,311,311,3,0.865435,0.943598,0,0,49858,0,0
里神楽,里神楽,0,206,206,0,214,214,2,0.752451,0.835505,0,0,307,0,0.000308
白夜菌Dream,白夜菌Dream,1,180,181,1,226,227,2,0.959184,0.978723,146.833333,0,2060,0,0.000798
达克鸭唐,达克鸭唐,2,156,158,2,169,171,3,0.567663,0.620227,251.166667,0,1082,0,0.002491
香港文匯網,香港文匯網,0,122,122,0,131,131,2,0.680473,0.765217,0,0,50067,0,0
不厌读书中48615,不厌读书中48615,1,120,121,1,123,124,1,1,1,120,0,3148,1,0
t0mbkeeper,t0mbkeeper,0,118,118,0,126,126,2,0.983607,0.991667,0,0,47118,0,0
王虎的舰桥,王虎的舰桥,2,111,113,2,129,131,1,1,1,197,0,160,0,0.001975
游戏圈资讯君,游戏圈资讯君,0,95,95,0,97,97,2,0.989691,0.994792,0,0,1200,0,0
臭豆腐酿鲱鱼,臭豆腐酿鲱鱼,0,94,94,0,100,100,2,0.97,0.984536,0,0,492,0,0
人五_,人五_,0,75,75,0,130,130,1,1,1,0,0,2394,1,0
大大大餅干丶,大大大餅干丶,0,74,74,0,77,77,1,1,1,0,0,4077,0,0
拆台CT,拆台CT,0,72,72,0,74,74,1,1,1,0,0,2238,0,0
nan,nan,1,70,71,2,79,81,1,1,1,65,0,2472,1,0.000805
公忠体国五十万,公忠体国五十万,0,71,71,0,72,72,1,1,1,0,0,48781,1,0
一粒糖豆DAYTOY,一粒糖豆DAYTOY,0,70,70,0,73,73,1,1,1,0,0,47378,1,0
自信是一门学问,自信是一门学问,0,69,69,0,74,74,1,1,1,0,0,48060,1,0
陈哥反女拳,陈哥反女拳,0,66,66,0,68,68,1,1,1,0,0,3561,0,0
游戏君,游戏君,0,62,62,0,66,66,1,1,1,0,0,49574,0,0
戴雨潇Dai,戴雨潇Dai,0,61,61,0,62,62,1,1,1,0,0,2819,0,0
_Reno_挚爱FF,_Reno_挚爱FF,0,53,53,0,57,57,1,1,1,0,0,49025,1,0
五五五五五5个五,五五五五五5个五,0,52,52,0,52,52,2,0.709677,0.795455,0,0,4000,1,0
战斗力旺盛的爵爵,战斗力旺盛的爵爵,1,50,51,1,57,58,1,1,1,50,0,395,1,0
米浴厨,米浴厨,0,49,49,0,52,52,2,0.802469,0.876923,0,0,2297,0,0
杉果娘Sonkwo,杉果娘Sonkwo,0,49,49,0,56,56,1,1,1,0,0,48101,0,0
ENTP股大,ENTP股大,0,48,48,0,50,50,1,1,1,0,0,49095,1,0
薯片全否定,薯片全否定,0,47,47,0,47,47,1,1,1,0,0,47264,1,0
lost霾,lost霾,0,44,44,0,44,44,1,1,1,0,0,47187,1,0
女性生存备忘录,女性生存备忘录,0,44,44,0,45,45,1,1,1,0,0,47309,1,0
风咒,风咒,0,41,41,0,42,42,1,1,1,0,0,3885,0,0
游戏玩家张大飞,游戏玩家张大飞,0,40,40,0,40,40,1,1,1,0,0,49350,0,0
南归孤夷,南归孤夷,0,40,40,0,40,40,2,0.785714,0.863636,0,0,50212,0,0
鱼杪MIA0,鱼杪MIA0,1,36,37,1,37,38,1,1,1,36,0,3990,1,0
福州摄影菌,福州摄影菌,0,36,36,0,39,39,1,1,1,0,0,344,0,0
包容万物恒河水,包容万物恒河水,0,31,31,0,31,31,1,1,1,0,0,3254,0,0
林中白狼,林中白狼,0,29,29,0,29,29,1,1,1,0,0,47145,0,0
谜之免女郎X,谜之免女郎X,0,28,28,0,29,29,2,0.741379,0.825581,0,0,3787,0,0
洛梅笙,洛梅笙,0,27,27,0,28,28,2,0.550186,0.591216,0,0,50281,1,0
_U妮_,_U妮_,0,24,24,0,27,27,1,1,1,0,0,3359,1,0
从暗影中回归,从暗影中回归,3,21,24,3,22,25,1,1,1,84,0,2877,1,0
游戏更新了,游戏更新了,0,23,23,0,25,25,1,1,1,0,0,48926,0,0
__Kek444,__Kek444,0,22,22,0,31,31,1,1,1,0,0,2676,1,0
大喷菇与豌豆公主,大喷菇与豌豆公主,0,21,21,0,22,22,2,0.586777,0.647887,0,0,2521,1,0
游民星空,游民星空,0,18,18,0,18,18,1,1,1,0,0,49961,0,0
无心简影,,0,17,17,0,17,17,1,1,1,0,0,3699,0,0
stage1st宅社区,,1,16,17,1,16,17,1,1,1,16,0,2289,0,0
RebirthCu1e,,0,16,16,0,17,17,1,1,1,0,0,48220,1,0
深海小天,,1,15,16,1,15,16,1,1,1,15,0,3783,0,0
大漂亮傻事,,1,14,15,1,14,15,1,1,1,13,0,1105,0,0.004762
暴食症患者李舜生,,0,15,15,0,17,17,1,1,1,0,0,1213,0,0
食腐动物的搞笑日常,,0,15,15,0,16,16,1,1,1,0,0,49905,1,0
国男大饭店烹炒主厨,,0,15,15,0,16,16,1,1,1,0,0,50231,0,0
带助教阿塔尼斯,,14,0,14,24,0,24,0,0,0,0,0,157,0,0
秦蒙君,,0,13,13,0,13,13,1,1,1,0,0,2599,0,0
好废的布偶猫,,0,11,11,0,11,11,2,0.823529,0.892857,0,0,2482,0,0
无根流木,,0,11,11,0,11,11,1,1,1,0,0,2648,1,0
月刊勇者KuMa君,,0,11,11,0,11,11,1,1,1,0,0,48128,0,0
游戏圈瓜王,,0,11,11,0,12,12,1,1,1,0,0,48878,1,0
咕咕天天咕咕,,0,11,11,0,16,16,1,1,1,0,0,49120,1,0
胜利主义章北海,,0,10,10,0,10,10,1,1,1,0,0,2501,0,0
又混了一天诶,,0,10,10,0,11,11,1,1,1,0,0,3449,1,0
广结骟媛解离版,,1,9,10,1,9,10,1,1,1,9,0,3608,1,0
天舞宝轮2024,,5,3,8,6,4,10,1,1,1,18,0,483,0,0
士多啤椰梨,,0,8,8,0,10,10,1,1,1,0,0,2611,0,0
美味滴小红薯,,1,7,8,1,7,8,1,1,1,18.5,0,547,0,0
凝仙,,8,0,8,8,0,8,0,0,0,0,0,545,0,0
反射弧超长星人影九,,0,7,7,0,7,7,2,0.769231,0.85,0,0,3332,0,0
明日头条,,0,7,7,0,8,8,1,1,1,0,0,49049,0,0
林克斯先生Links,,0,7,7,0,7,7,1,1,1,0,0,49389,0,0
永耀洪荒,,6,0,6,10,0,10,0,0,0,0,0,476,0,0
太初真人,,0,6,6,0,6,6,1,1,1,0,0,4005,0,0
近卫步兵师,,2,4,6,2,4,6,1,1,1,4.833333,0,857,0,0
Fan_LeoY,,6,0,6,7,0,7,0,0,0,0,0,121,0,0
伯阳先生-段本司,,3,3,6,3,4,7,1,1,1,9,0,1853,0,0
那砸斑马,,6,0,6,8,0,8,0,0,0,0,0,84,0,0
想要有猫的大白胖子OwQ,,6,0,6,6,0,6,0,0,0,0,0,276,0,0
FuckFeminazi,,6,0,6,6,0,6,0,0,0,0,0,259,0,0
台湾傻事,,0,6,6,0,6,6,1,1,1,0,0,49975,0,0
灰色魔毯Enterprise-NorthPoint,,0,6,6,0,6,6,1,1,1,0,0,50075,0,0
Corbeauclaws,,5,0,5,5,0,5,0,0,0,0,0,817,0,0.1
影视综艺君,,0,5,5,0,5,5,1,1,1,0,0,3192,0,0
UCG一刀,,1,4,5,1,4,5,2,0.543478,0.58,25,0,3742,1,0
秦二两99,,0,5,5,0,5,5,1,1,1,0,0,3897,0,0
一般社员李·Spielberg,,5,0,5,5,0,5,0,0,0,0,0,625,0,0
Aarn沐白,,5,0,5,5,0,5,0,0,0,0,0,129,0,0
窄河_,,0,5,5,0,5,5,1,1,1,0,0,48178,1,0
风筝郑耀先,,5,0,5,5,0,5,0,0,0,0,0,333,0,0
人潮拥挤我尿急呀,,5,0,5,9,0,9,0,0,0,0,0,202,0,0
Disname,,5,0,5,5,0,5,0,0,0,0,0,591,0,0
奥里万,,5,0,5,7,0,7,0,0,0,0,0,563,0,0
是银手不是银兽,,5,0,5,6,0,6,0,0,0,0,0,335,0,0
古月371210,,5,0,5,5,0,5,0,0,0,0,0,228,0,0
快乐小兵27,,5,0,5,12,0,12,0,0,0,0,0,92,0,0
快楽之源,,0,5,5,0,5,5,1,1,1,0,0,49595,0,0
HOPEfulove,,1,3,4,1,3,4,1,1,1,3,0,2490,0,0
奕梦8,,4,0,4,5,0,5,0,0,0,0,0,679,0,0
电影票房,,2,2,4,2,2,4,1,1,1,6,0,665,0,0.083333
纯银V,,2,2,4,2,3,5,1,1,1,3,0,3011,0,0.083333
小玲叮怎么样,,4,0,4,6,0,6,0,0,0,0,0,4124,1,0
7892095418_385,,4,0,4,4,0,4,0,0,0,0,0,659,0,0.416667
克莱门扎124,,4,0,4,6,0,6,0,0,0,0,0,984,0,0.166667
老刀99,,2,2,4,2,2,4,1,1,1,6,0,1939,0,0
圆圆滚滚章鱼烧,,4,0,4,5,0,5,0,0,0,0,0,1645,0,0
黑土没颈之人,,4,0,4,5,0,5,0,0,0,0,0,1031,0,0
世界需要更多的中咪,,4,0,4,4,0,4,0,0,0,0,0,22217,1,0
胖丁刘莔莔,,4,0,4,4,0,4,0,0,0,0,0,63,0,0
伊曼门钥匙传来的,,4,0,4,14,0,14,0,0,0,0,0,570,0,0
云海星灰,,4,0,4,5,0,5,0,0,0,0,0,26,0,0
Battlecruiser_HOOD,,4,0,4,4,0,4,0,0,0,0,0,13,0,0
天堂眼泪,,4,0,4,5,0,5,0,0,0,0,0,1009,0,0
多捞哦zy,,4,0,4,5,0,5,0,0,0,0,0,337,0,0
其柳,,4,0,4,4,0,4,0,0,0,0,0,992,0,0
-w王小王w-,,4,0,4,4,0,4,0,0,0,0,0,2861,1,0
eternalinterest,,4,0,4,5,0,5,0,0,0,0,0,59,0,0
圆环之手,,4,0,4,4,0,4,0,0,0,0,0,232,0,0
沈逸,,4,0,4,5,0,5,0,0,0,0,0,101,0,0
攻略型巨蟹_神大人2215,,4,0,4,4,0,4,0,0,0,0,0,236,0,0
Kami5amA,,4,0,4,4,0,4,0,0,0,0,0,511,0,0
股神碎碎念,,4,0,4,4,0,4,0,0,0,0,0,522,0,0
小媳妇嗑瓜子6688,,4,0,4,4,0,4,0,0,0,0,0,412,0,0
_封刈,,4,0,4,4,0,4,0,0,0,0,0,193,0,0
柳生但马守3,,4,0,4,8,0,8,0,0,0,0,0,313,0,0
S-546,,4,0,4,5,0,5,0,0,0,0,0,561,0,0
装甲北极白熊,,4,0,4,5,0,5,0,0,0,0,0,229,0,0
ShiningRay,,4,0,4,5,0,5,0,0,0,0,0,848,0,0
平权先锋,,4,0,4,5,0,5,0,0,0,0,0,573,0,0
时光齿轮1号机,,4,0,4,5,0,5,0,0,0,0,0,65,0,0
低种性,,3,0,3,4,0,4,0,0,0,0,0,287,0,0
攀塔者梁小狼,,3,0,3,3,0,3,0,0,0,0,0,302,0,0
胖娃娃吖胖娃娃,,3,0,3,3,0,3,0,0,0,0,0,479,1,0
蜂蜜渍柠檬,,3,0,3,5,0,5,0,0,0,0,0,1070,0,0.333333
驰名双标菌,,1,2,3,1,3,4,1,1,1,2,0,2487,0,0
格崽限定,,0,3,3,0,3,3,2,0.666667,0.75,0,0,2688,0,0
花园里的小秘密,,3,0,3,3,0,3,0,0,0,0,0,470,0,0
战甲装研菌,,1,2,3,1,2,3,1,1,1,2,0,167,0,0
小虾才没香喷喷,,2,1,3,2,1,3,1,1,1,2,0,162,0,0
霹雳吧啦咚嚓嚓,,3,0,3,3,0,3,0,0,0,0,0,263,0,0
FC小生,,3,0,3,3,0,3,0,0,0,0,0,448,1,0
惩恶扬善王小并,,3,0,3,3,0,3,0,0,0,0,0,8,0,0
水灵亭亭,,3,0,3,4,0,4,0,0,0,0,0,39660,1,0
东边道山林队-华夏小卒,,3,0,3,4,0,4,0,0,0,0,0,214,0,0
凐灭2011,,3,0,3,4,0,4,0,0,0,0,0,158,0,0
被天使舍弃之夜,,3,0,3,4,0,4,0,0,0,0,0,364,1,0
喝茶的美少女壮士,,3,0,3,3,0,3,0,0,0,0,0,562,0,0
三车厘子kira,,3,0,3,4,0,4,0,0,0,0,0,38151,1,0
xiaomo9999,,3,0,3,3,0,3,0,0,0,0,0,646,0,0
云朵Sissi,,3,0,3,3,0,3,0,0,0,0,0,4035,0,0
一念··永恒,,3,0,3,3,0,3,0,0,0,0,0,47086,0,0
樱桃玫瑰汤,,3,0,3,3,0,3,0,0,0,0,0,32157,1,0
帽王中王巴巴拉,,3,0,3,3,0,3,0,0,0,0,0,628,0,0
孟娴丫,,3,0,3,3,0,3,0,0,0,0,0,30690,1,0
-布莱克在巫师评议会-,,3,0,3,4,0,4,0,0,0,0,0,624,0,0
A五彩斑斓的黑A,,3,0,3,4,0,4,0,0,0,0,0,381,1,0
KING子平,,3,0,3,3,0,3,0,0,0,0,0,611,0,0
用户7786851153,,3,0,3,12,0,12,0,0,0,0,0,2430,1,0
战略局大忽悠,,3,0,3,3,0,3,0,0,0,0,0,605,0,0
小喜布朗尼的主页,,3,0,3,3,0,3,0,0,0,0,0,3048,1,0
是里昂啊_,,3,0,3,3,0,3,0,0,0,0,0,459,0,0
-要炸鸡没有啤酒-,,1,2,3,1,2,3,1,1,1,2,0,14578,0,0
茶言茶语的茶馆儿,,3,0,3,4,0,4,0,0,0,0,0,331,0,0
陋室南同,,3,0,3,4,0,4,0,0,0,0,0,593,0,0
Yixuan_zhao,,3,0,3,3,0,3,0,0,0,0,0,362,1,0
也就看新闻吧,,3,0,3,4,0,4,0,0,0,0,0,339,0,0
天微蓝梦微暗,,3,0,3,3,0,3,0,0,0,0,0,8930,1,0
hdyhdhh1586,,3,0,3,3,0,3,0,0,0,0,0,3113,1,0
千琟,,3,0,3,3,0,3,0,0,0,0,0,590,0,0
-迪迪大王-,,3,0,3,3,0,3,0,0,0,0,0,5,0,0
用户7812607358,,3,0,3,3,0,3,0,0,0,0,0,1139,0,0
大宋87,,3,0,3,3,0,3,0,0,0,0,0,48091,0,0
ZeaLot不想習慣,,3,0,3,3,0,3,0,0,0,0,0,583,0,0
芳醁掬月清,,3,0,3,3,0,3,0,0,0,0,0,3996,1,0
Qinuue_,,3,0,3,3,0,3,0,0,0,0,0,4020,0,0
史老柒,,3,0,3,3,0,3,0,0,0,0,0,403,0,0
公平太难得,,3,0,3,3,0,3,0,0,0,0,0,550,0,0
咕咕大咕咕咕咕哒,,3,0,3,4,0,4,0,0,0,0,0,413,0,0
爱YY宝贝,,3,0,3,9,0,9,0,0,0,0,0,963,0,0
猪_你太美,,3,0,3,5,0,5,0,0,0,0,0,201,0,0
FJgGSAGM,,3,0,3,5,0,5,0,0,0,0,0,576,0,0
王小树改名保平安,,3,0,3,3,0,3,0,0,0,0,0,1493,0,0
孜然赠予你,,3,0,3,3,0,3,0,0,0,0,0,2275,0,0
还有比讲老实话更逗的吗,,3,0,3,3,0,3,0,0,0,0,0,1283,0,0
Sailer_X,,3,0,3,3,0,3,0,0,0,0,0,438,0,0
比亚迪什么时候做新能源房车,,3,0,3,4,0,4,0,0,0,0,0,73,0,0
不知名写手闲云野人,,3,0,3,3,0,3,0,0,0,0,0,882,1,0
重上怒苍2049,,3,0,3,3,0,3,0,0,0,0,0,268,0,0
小马过河SNS,,3,0,3,3,0,3,0,0,0,0,0,429,0,0
放下责任奔向自由,,3,0,3,3,0,3,0,0,0,0,0,400,0,0
老赵,,3,0,3,4,0,4,0,0,0,0,0,567,0,0
萧暮云,,3,0,3,5,0,5,0,0,0,0,0,881,0,0
韦丿小疯子,,3,0,3,3,0,3,0,0,0,0,0,7,0,0
阿毛爱吃糯米鸡,,3,0,3,6,0,6,0,0,0,0,0,564,0,0
机吉斯卡,,3,0,3,3,0,3,0,0,0,0,0,321,0,0
石头备用三号,,3,0,3,8,0,8,0,0,0,0,0,105,0,0
冷眼看犬,,3,0,3,3,0,3,0,0,0,0,0,30,0,0
Geracimov,,3,0,3,4,0,4,0,0,0,0,0,697,0,0
黄金脆皮自闭症,,3,0,3,3,0,3,0,0,0,0,0,235,0,0
是三块石头啊,,3,0,3,3,0,3,0,0,0,0,0,496,0,0
还魂伶,,3,0,3,3,0,3,0,0,0,0,0,150,0,0
elements1234,,3,0,3,4,0,4,0,0,0,0,0,1618,0,0
用户6545058022,,3,0,3,3,0,3,0,0,0,0,0,146,0,0
石头藕粉真菌,,3,0,3,3,0,3,0,0,0,0,0,257,0,0
知乎今天倒闭,,3,0,3,5,0,5,0,0,0,0,0,75,0,0
青丘冷月,,3,0,3,4,0,4,0,0,0,0,0,242,0,0
stormjie,,3,0,3,3,0,3,0,0,0,0,0,119,0,0
呱太浪,,3,0,3,3,0,3,0,0,0,0,0,261,0,0
oNewIng21271,,3,0,3,3,0,3,0,0,0,0,0,254,0,0
AeroJ_877,,3,0,3,5,0,5,0,0,0,0,0,245,0,0
绯红之幻象,,3,0,3,3,0,3,0,0,0,0,0,106,0,0
怪力乱神子非语,,3,0,3,4,0,4,0,0,0,0,0,894,0,0
北固11111,,3,0,3,4,0,4,0,0,0,0,0,104,0,0
__史诗生物__,,3,0,3,4,0,4,0,0,0,0,0,98,0,0
MOREPEN,,3,0,3,3,0,3,0,0,0,0,0,78,0,0
捕梦黄粱,,3,0,3,3,0,3,0,0,0,0,0,535,0,0
高等性别,,3,0,3,5,0,5,0,0,0,0,0,572,0,0
火刑架给妮一个温暖的家,,3,0,3,4,0,4,0,0,0,0,0,537,0,0
呀天空不作美,,3,0,3,3,0,3,0,0,0,0,0,566,0,0
青山刚昌快完结,,3,0,3,3,0,3,0,0,0,0,0,1500,0,0
脖子太痒只因脏,,2,0,2,2,0,2,0,0,0,0,0,480,0,0
正常恋爱捏,,2,0,2,2,0,2,0,0,0,0,0,680,0,1
Fmaous,,2,0,2,2,0,2,0,0,0,0,0,159,0,0
霸气深蓝之星K,,2,0,2,2,0,2,0,0,0,0,0,2669,1,0
加班的日子何时到头,,2,0,2,2,0,2,0,0,0,0,0,2665,1,0
围观贤者,,2,0,2,2,0,2,0,0,0,0,0,1204,0,0
望梨舟,,2,0,2,3,0,3,0,0,0,0,0,2384,1,0
说真话的人不受欢迎,,2,0,2,2,0,2,0,0,0,0,0,3147,1,0
真正的酸甜可乐,,2,0,2,4,0,4,0,0,0,0,0,3277,0,0
雨de_继承人,,2,0,2,2,0,2,0,0,0,0,0,3190,0,0
剑与风之诗,,2,0,2,2,0,2,0,0,0,0,0,166,0,0
网海观猴,,2,0,2,4,0,4,0,0,0,0,0,657,0,0.5
池月ENID,,2,0,2,4,0,4,0,0,0,0,0,3358,1,0
冬去春来_731,,2,0,2,2,0,2,0,0,0,0,0,2169,1,0
菈欄普夛,,2,0,2,2,0,2,0,0,0,0,0,3325,0,0
WJero,,2,0,2,2,0,2,0,0,0,0,0,2588,0,0
得到宽恕的固源岩组,,2,0,2,2,0,2,0,0,0,0,0,2368,1,0
夜里小假面,,2,0,2,2,0,2,0,0,0,0,0,643,0,0
除了喜欢你什么也没有,,2,0,2,6,0,6,0,0,0,0,0,46904,1,0
姬姛人生,,2,0,2,2,0,2,0,0,0,0,0,46684,1,0
仿生地瓜烧会梦见电子番薯吗,,2,0,2,2,0,2,0,0,0,0,0,3954,1,0
mazahsshazam,,2,0,2,2,0,2,0,0,0,0,0,45,0,0
就是我编的厉不厉害,,2,0,2,2,0,2,0,0,0,0,0,46045,1,0
小鱼水中游__,,2,0,2,2,0,2,0,0,0,0,0,45892,1,0
火辣玫瑰少媍,,2,0,2,2,0,2,0,0,0,0,0,3946,1,0
仔姜牛蛙锅,,2,0,2,2,0,2,0,0,0,0,0,45663,1,0
玉唯,,2,0,2,2,0,2,0,0,0,0,0,47114,0,0
叉烧蒸肉馅儿,,2,0,2,2,0,2,0,0,0,0,0,3932,1,0
你说什么我听不清啊啊啊啊啊,,2,0,2,2,0,2,0,0,0,0,0,44601,1,0
小柴summer耶,,2,0,2,2,0,2,0,0,0,0,0,44433,1,0
门牙缝填补战士,,2,0,2,2,0,2,0,0,0,0,0,44343,1,0
实用主义穷人,,2,0,2,2,0,2,0,0,0,0,0,43854,1,0
L_enfer_c_est_les_autres,,2,0,2,2,0,2,0,0,0,0,0,378,1,0
加加利_,,2,0,2,2,0,2,0,0,0,0,0,2211,0,0
你怎么知道我暴富了111,,2,0,2,2,0,2,0,0,0,0,0,43366,1,0
rua噗什姥姥吖,,2,0,2,2,0,2,0,0,0,0,0,43162,1,0
离我远不爱去,,2,0,2,2,0,2,0,0,0,0,0,43107,1,0
袜袜哇哇y,,2,0,2,2,0,2,0,0,0,0,0,43055,1,0
水相雨_,,2,0,2,2,0,2,0,0,0,0,0,43019,1,0
少惹我哈-脾气不大好,,2,0,2,2,0,2,0,0,0,0,0,3442,1,0
某翼_tsubasa,,2,0,2,2,0,2,0,0,0,0,0,42939,1,0
Uptoo_u,,2,0,2,2,0,2,0,0,0,0,0,42081,1,0
安野anyeeeeee,,2,0,2,2,0,2,0,0,0,0,0,3994,1,0
_Yyoomyfish,,2,0,2,2,0,2,0,0,0,0,0,41922,1,0
冷凰月-罗睺,,2,0,2,2,0,2,0,0,0,0,0,41459,0,0
柳不臣,,2,0,2,2,0,2,0,0,0,0,0,41456,1,0
秦岭秋风扫落叶,,2,0,2,2,0,2,0,0,0,0,0,361,1,0
1111芝,,2,0,2,3,0,3,0,0,0,0,0,41347,1,0
OGGiSCeLtA,,2,0,2,2,0,2,0,0,0,0,0,3342,1,0
魔法师蛋小丁,,2,0,2,2,0,2,0,0,0,0,0,47099,0,0
转生变成史莱姆了,,2,0,2,2,0,2,0,0,0,0,0,25268,1,0
雪會yukizeng0804504,,2,0,2,2,0,2,0,0,0,0,0,111,0,0
用户6465828333,,2,0,2,2,0,2,0,0,0,0,0,39930,1,0
用户7457565866,,2,0,2,4,0,4,0,0,0,0,0,39434,1,0
·laughdust·,,2,0,2,2,0,2,0,0,0,0,0,39400,1,0
黯芷汀兰,,2,0,2,2,0,2,0,0,0,0,0,39219,1,0
吹不吹气球,,2,0,2,2,0,2,0,0,0,0,0,11314,1,0
桃子气泡水____123456,,2,0,2,2,0,2,0,0,0,0,0,38952,1,0
江舟的月,,2,0,2,2,0,2,0,0,0,0,0,38608,1,0
请叫我陆多情,,2,0,2,3,0,3,0,0,0,0,0,3083,1,0
葱的情绪零碎,,2,0,2,3,0,3,0,0,0,0,0,38317,1,0
00linkes00,,2,0,2,2,0,2,0,0,0,0,0,3872,0,0
RadioFlyerHigher,,2,0,2,3,0,3,0,0,0,0,0,38083,1,0
新的一年会变得勤快吗,,2,0,2,2,0,2,0,0,0,0,0,3142,1,0
奈斯28668,,2,0,2,5,0,5,0,0,0,0,0,2034,0,0
-鹤久-,,2,0,2,2,0,2,0,0,0,0,0,37979,1,0
白了个白-white,,2,0,2,2,0,2,0,0,0,0,0,11362,1,0
咕噜咕噜咘咘卟,,2,0,2,2,0,2,0,0,0,0,0,37652,1,0
泰拉捕手,,2,0,2,2,0,2,0,0,0,0,0,37595,1,0
何处惹尘埃-限定版,,2,0,2,2,0,2,0,0,0,0,0,2683,0,0
冬酿微醺,,2,0,2,2,0,2,0,0,0,0,0,3956,1,0
毛毛毛小桃MAOTAO,,2,0,2,2,0,2,0,0,0,0,0,37502,1,0
Chicochic-,,2,0,2,2,0,2,0,0,0,0,0,37373,1,0
我长歌绝对是大总攻,,2,0,2,2,0,2,0,0,0,0,0,37285,1,0
师爷好狗,,2,0,2,2,0,2,0,0,0,0,0,37214,1,0
酋长喊我回家吃饭,,2,0,2,3,0,3,0,0,0,0,0,2033,0,0
死宅整天想桃子,,2,0,2,2,0,2,0,0,0,0,0,3141,1,0
真真真真姬呀,,2,0,2,2,0,2,0,0,0,0,0,37024,1,0
织田柿捏,,2,0,2,2,0,2,0,0,0,0,0,36642,1,0
帝皇爪牙小金人,,2,0,2,2,0,2,0,0,0,0,0,856,0,0
冷却模式,,2,0,2,2,0,2,0,0,0,0,0,661,0,0
嗟嗟困犯难,,2,0,2,3,0,3,0,0,0,0,0,35896,1,0
不尬吹的haige,,2,0,2,3,0,3,0,0,0,0,0,532,0,0
喂尾巴喇喇,,2,0,2,2,0,2,0,0,0,0,0,18123,1,0
桃子珞珞粉,,2,0,2,3,0,3,0,0,0,0,0,35454,1,0
deCarin,,2,0,2,3,0,3,0,0,0,0,0,655,0,0
我把闪现交了我投降,,2,0,2,3,0,3,0,0,0,0,0,1048,0,0
糜梅豆蔻,,2,0,2,2,0,2,0,0,0,0,0,34993,1,0
不可食用物质垫底17977,,2,0,2,3,0,3,0,0,0,0,0,654,0,0
云口也,,2,0,2,3,0,3,0,0,0,0,0,11464,1,0
今夜无人能从这里逃出生天,,2,0,2,2,0,2,0,0,0,0,0,11262,1,0
冰封的火炎,,2,0,2,2,0,2,0,0,0,0,0,650,0,0
小池想睡了,,2,0,2,2,0,2,0,0,0,0,0,34009,1,0
祝凝今天过得愉快,,2,0,2,2,0,2,0,0,0,0,0,33752,1,0
力所能及的月亮,,2,0,2,2,0,2,0,0,0,0,0,33747,1,0
lalalala411,,2,0,2,2,0,2,0,0,0,0,0,33643,1,0
一百万匹自毁力量,,2,0,2,2,0,2,0,0,0,0,0,1835,1,0
GeCollington,,2,0,2,2,0,2,0,0,0,0,0,33512,1,0
loveadventure朵拉,,2,0,2,2,0,2,0,0,0,0,0,33510,1,0
缎蓝亭鸟,,2,0,2,2,0,2,0,0,0,0,0,33371,1,0
AR05300208,,2,0,2,2,0,2,0,0,0,0,0,11400,1,0
三十九度午夜霓虹,,2,0,2,2,0,2,0,0,0,0,0,32820,1,0
Alpha五号机,,2,0,2,2,0,2,0,0,0,0,0,359,1,0
無敵好運的可愛蹄,,2,0,2,2,0,2,0,0,0,0,0,32553,1,0
vvbabeovo,,2,0,2,2,0,2,0,0,0,0,0,11408,1,0
NISHIHAIDI,,2,0,2,2,0,2,0,0,0,0,0,1972,0,0
闹不大了个住,,2,0,2,3,0,3,0,0,0,0,0,1022,0,0
__敲落灯花,,2,0,2,3,0,3,0,0,0,0,0,638,0,0
好烦我好帅,,2,0,2,2,0,2,0,0,0,0,0,11385,1,0
Confuse_MeMe,,2,0,2,2,0,2,0,0,0,0,0,634,0,0
嘻嘻嘻你别急,,2,0,2,2,0,2,0,0,0,0,0,432,0,0
泠风yy,,2,0,2,3,0,3,0,0,0,0,0,3137,1,0
阿比地狱接引人,,2,0,2,2,0,2,0,0,0,0,0,3987,1,0
轻壳,,2,0,2,2,0,2,0,0,0,0,0,31513,1,0
而今未綠_,,2,0,2,2,0,2,0,0,0,0,0,2349,1,0
Z_7栥,,2,0,2,2,0,2,0,0,0,0,0,31357,1,0
文喻天阑,,2,0,2,2,0,2,0,0,0,0,0,30625,1,0
jkily100,,2,0,2,2,0,2,0,0,0,0,0,30493,1,0
月亮蛋AMD,,2,0,2,2,0,2,0,0,0,0,0,30466,1,0
小透明号都没了,,2,0,2,2,0,2,0,0,0,0,0,30448,1,0
葫芦葫芦打呼噜咕噜肉,,2,0,2,2,0,2,0,0,0,0,0,11410,1,0
凛凛铸铁光,,2,0,2,4,0,4,0,0,0,0,0,627,0,0
啾咪一口蓝宝宝,,2,0,2,2,0,2,0,0,0,0,0,30046,1,0
睡饺了吗,,2,0,2,2,0,2,0,0,0,0,0,11296,1,0
LWXXXAZ,,2,0,2,3,0,3,0,0,0,0,0,179,1,0
战斗软泥怪18,,2,0,2,2,0,2,0,0,0,0,0,626,0,0
布鲁巴特福莱,,2,0,2,2,0,2,0,0,0,0,0,29162,1,0
讨厌绿色蔬菜,,2,0,2,6,0,6,0,0,0,0,0,28884,1,0
梦蛇复梦僧,,2,0,2,2,0,2,0,0,0,0,0,28870,1,0
虞书欣给我加油往前冲,,2,0,2,3,0,3,0,0,0,0,0,28843,1,0
黄昏流浪器,,2,0,2,2,0,2,0,0,0,0,0,28839,1,0
dudu今天录歌了吗,,2,0,2,2,0,2,0,0,0,0,0,11301,1,0
昨天真的不该喝,,2,0,2,2,0,2,0,0,0,0,0,28603,1,0
你顺火光找到我,,2,0,2,2,0,2,0,0,0,0,0,11364,1,0
振花宇,,2,0,2,2,0,2,0,0,0,0,0,2505,1,0
种树得猫,,2,0,2,2,0,2,0,0,0,0,0,28346,1,0
想不到名字的萌萌,,2,0,2,2,0,2,0,0,0,0,0,3915,1,0
Jellycatrow,,2,0,2,2,0,2,0,0,0,0,0,47284,1,0
论大学与精神病院的可兼容性,,2,0,2,2,0,2,0,0,0,0,0,28193,1,0
K_Air7,,2,0,2,2,0,2,0,0,0,0,0,11365,1,0
_北落_,,2,0,2,2,0,2,0,0,0,0,0,28057,1,0
六出疯子,,2,0,2,2,0,2,0,0,0,0,0,12928,1,0
moneymoneyloveme,,2,0,2,4,0,4,0,0,0,0,0,11477,1,0
星仁饼,,2,0,2,2,0,2,0,0,0,0,0,27533,1,0
渣渣渣de废废废狼,,2,0,2,2,0,2,0,0,0,0,0,27446,1,0
超级无敌幸运的汉堡堡_发财发发,,2,0,2,3,0,3,0,0,0,0,0,27435,1,0
_耗電模式_,,2,0,2,2,0,2,0,0,0,0,0,26900,0,0
你也是来摘星星的吗,,2,0,2,2,0,2,0,0,0,0,0,26870,1,0
猫是coffee,,2,0,2,3,0,3,0,0,0,0,0,11335,1,0
窒-Suffocating,,2,0,2,2,0,2,0,0,0,0,0,1044,0,0
用户7506860189,,2,0,2,2,0,2,0,0,0,0,0,2403,1,0
Things_YouSaid,,2,0,2,2,0,2,0,0,0,0,0,2032,0,0
豆豆冷豆豆,,2,0,2,3,0,3,0,0,0,0,0,1987,1,0
蓝色聚合物,,2,0,2,2,0,2,0,0,0,0,0,25707,1,0
月嵘akaTsukiyo,,2,0,2,2,0,2,0,0,0,0,0,25563,1,0
无名未尝不是件好事,,2,0,2,2,0,2,0,0,0,0,0,25558,1,0
我同桌的同桌最Cute,,2,0,2,2,0,2,0,0,0,0,0,6640,1,0
T灵隐雪T,,2,0,2,3,0,3,0,0,0,0,0,25524,1,0
少数派恋鬼癖,,2,0,2,2,0,2,0,0,0,0,0,11403,1,0
要咬一口蛋糕吗,,2,0,2,2,0,2,0,0,0,0,0,25246,1,0
lafoule,,2,0,2,2,0,2,0,0,0,0,0,24902,1,0
prelynnlynnlynn,,2,0,2,2,0,2,0,0,0,0,0,11369,1,0
西塔那么大,,2,0,2,2,0,2,0,0,0,0,0,3991,1,0
由花露水组成,,2,0,2,2,0,2,0,0,0,0,0,376,1,0
鹄思乱想,,2,0,2,2,0,2,0,0,0,0,0,1762,0,0
霹雳啪啦闪光白叽,,2,0,2,2,0,2,0,0,0,0,0,24238,1,0
AphtminIIOE,,2,0,2,2,0,2,0,0,0,0,0,24231,1,0
刘怼怼无敌美男子,,2,0,2,2,0,2,0,0,0,0,0,617,0,0
黎狸意枝,,2,0,2,3,0,3,0,0,0,0,0,24186,1,0
三花大美猫妈咪在德国,,2,0,2,2,0,2,0,0,0,0,0,23985,1,0
柳絮也想欧一次,,2,0,2,2,0,2,0,0,0,0,0,23955,1,0
别管我发疯喝喝喝喝喝,,2,0,2,2,0,2,0,0,0,0,0,23933,1,0
wAng-4210,,2,0,2,2,0,2,0,0,0,0,0,11370,1,0
闪耀母蟑螂,,2,0,2,2,0,2,0,0,0,0,0,23873,1,0
北七里寨,,2,0,2,4,0,4,0,0,0,0,0,4054,0,0
日常稻草人RIP,,2,0,2,3,0,3,0,0,0,0,0,1945,0,0
含笑香盈袖,,2,0,2,4,0,4,0,0,0,0,0,23722,1,0
亲一口小狗脸,,2,0,2,2,0,2,0,0,0,0,0,23644,1,0
音尘绝x,,2,0,2,2,0,2,0,0,0,0,0,11368,1,0
用户7936159821,,2,0,2,2,0,2,0,0,0,0,0,613,0,0
AAA绿茶特卖专员,,2,0,2,2,0,2,0,0,0,0,0,11373,1,0
_猫喜欢吉良吉影_,,2,0,2,2,0,2,0,0,0,0,0,11317,1,0
冰糖麒麟瓜,,2,0,2,8,0,8,0,0,0,0,0,1041,0,0
镍铬合金带点铜,,2,0,2,2,0,2,0,0,0,0,0,23077,1,0
Adrien202308,,2,0,2,2,0,2,0,0,0,0,0,23039,1,0
庚十二VERGIL,,2,0,2,2,0,2,0,0,0,0,0,742,1,0
时光2024fhdfjjk,,2,0,2,9,0,9,0,0,0,0,0,22754,1,0
SS-爱吃三不沾,,2,0,2,2,0,2,0,0,0,0,0,22700,1,0
薯条叠叠乐,,2,0,2,2,0,2,0,0,0,0,0,3529,0,0
鸠羽千夜82,,2,0,2,3,0,3,0,0,0,0,0,612,0,0
我右位超可爱,,2,0,2,2,0,2,0,0,0,0,0,22371,1,0
luchhaenV_,,2,0,2,2,0,2,0,0,0,0,0,22300,1,0
落啦啦,,2,0,2,2,0,2,0,0,0,0,0,22289,1,0
完美猫26,,2,0,2,2,0,2,0,0,0,0,0,1014,0,0
wenwenwention,,2,0,2,2,0,2,0,0,0,0,0,22237,1,0
碳酸氢钙速溶ing,,2,0,2,2,0,2,0,0,0,0,0,11417,1,0
1chesss-,,2,0,2,2,0,2,0,0,0,0,0,21862,1,0
cpup,,2,0,2,2,0,2,0,0,0,0,0,3928,1,0
睡觉是世界上最重要的事_,,2,0,2,2,0,2,0,0,0,0,0,2434,1,0
极昼络邑,,2,0,2,2,0,2,0,0,0,0,0,21728,1,0
_三根杠,,2,0,2,2,0,2,0,0,0,0,0,21566,1,0
lllllasrislqsz,,2,0,2,3,0,3,0,0,0,0,0,21111,1,0
火翼星飞33622,,2,0,2,3,0,3,0,0,0,0,0,1999,0,0
英国的螺旋向日葵,,2,0,2,2,0,2,0,0,0,0,0,2864,1,0
人没事就万万岁,,2,0,2,2,0,2,0,0,0,0,0,11299,1,0
断轨过山车,,2,0,2,2,0,2,0,0,0,0,0,2643,1,0
板叔,,2,0,2,3,0,3,0,0,0,0,0,609,0,0
一般路过佛罗伦萨夜莺,,2,0,2,2,0,2,0,0,0,0,0,47243,1,0
落月稀星_,,2,0,2,2,0,2,0,0,0,0,0,20233,1,0
IGHT199103,,2,0,2,2,0,2,0,0,0,0,0,20138,1,0
美帝花凌g2了没,,2,0,2,2,0,2,0,0,0,0,0,154,0,0
Orange·Candy,,2,0,2,2,0,2,0,0,0,0,0,19536,1,0
左溢和羽生结弦,,2,0,2,2,0,2,0,0,0,0,0,19298,1,0
口蘑口,,2,0,2,2,0,2,0,0,0,0,0,19162,1,0
没名字的小生物,,2,0,2,2,0,2,0,0,0,0,0,18856,1,0
恒我恒我,,2,0,2,2,0,2,0,0,0,0,0,18666,1,0
眢燧,,2,0,2,2,0,2,0,0,0,0,0,47060,0,0
木狐的bobo,,2,0,2,2,0,2,0,0,0,0,0,3125,1,0
若炎陽,,2,0,2,2,0,2,0,0,0,0,0,48053,1,0
JERO-W,,2,0,2,2,0,2,0,0,0,0,0,1955,0,0
我就是那个宋宋,,2,0,2,2,0,2,0,0,0,0,0,4060,0,0
酷炫小祎,,2,0,2,2,0,2,0,0,0,0,0,533,0,0
山乞日和_,,2,0,2,2,0,2,0,0,0,0,0,17282,1,0
泰拉的书航大师,,2,0,2,2,0,2,0,0,0,0,0,17257,1,0
LayersofFear63142,,2,0,2,2,0,2,0,0,0,0,0,11309,1,0
云外云满山,,2,0,2,3,0,3,0,0,0,0,0,11493,1,0
小衡赚大钱,,2,0,2,2,0,2,0,0,0,0,0,17161,1,0
冰灵夏日007,,2,0,2,2,0,2,0,0,0,0,0,11467,1,0
有钱又幸运的美丽女人,,2,0,2,2,0,2,0,0,0,0,0,17092,1,0
早川小可喵,,2,0,2,2,0,2,0,0,0,0,0,17019,1,0
·白天睡得太多了,,2,0,2,2,0,2,0,0,0,0,0,3937,1,0
好吧我是墙头草,,2,0,2,2,0,2,0,0,0,0,0,16572,1,0
ElamMM_,,2,0,2,2,0,2,0,0,0,0,0,16645,1,0
买西瓜卖西瓜,,2,0,2,7,0,7,0,0,0,0,0,16626,1,0
啊啊啊啊啊米尼,,2,0,2,2,0,2,0,0,0,0,0,16603,0,0
一天推一个也是单推人,,2,0,2,2,0,2,0,0,0,0,0,3043,1,0
佛系养老的蕙蕙,,2,0,2,2,0,2,0,0,0,0,0,16409,1,0
小黄狗gogo,,2,0,2,2,0,2,0,0,0,0,0,16391,1,0
无声雨372,,2,0,2,2,0,2,0,0,0,0,0,16298,1,0
rosepuppy_,,2,0,2,2,0,2,0,0,0,0,0,2442,1,0
用户7407534603,,2,0,2,2,0,2,0,0,0,0,0,16156,1,0
梨花白_溪江月,,2,0,2,2,0,2,0,0,0,0,0,15757,1,0
请将我还给山风,,2,0,2,2,0,2,0,0,0,0,0,16039,1,0
下刀子了怎么办,,2,0,2,2,0,2,0,0,0,0,0,11383,1,0
脱脱裸莉,,2,0,2,2,0,2,0,0,0,0,0,1671,0,0
嗷嗷叫浅咖啡,,2,0,2,2,0,2,0,0,0,0,0,3092,1,0
Mingcor_GOUGOU伊甸园,,2,0,2,2,0,2,0,0,0,0,0,11484,1,0
夏天被窝里开空调,,2,0,2,4,0,4,0,0,0,0,0,47295,1,0
-雨後窗上的塗鴉-,,2,0,2,2,0,2,0,0,0,0,0,15315,1,0
在祈愿的星,,2,0,2,4,0,4,0,0,0,0,0,720,0,0
快步走往前走,,2,0,2,2,0,2,0,0,0,0,0,14983,1,0
白鵝魚粥,,2,0,2,2,0,2,0,0,0,0,0,11312,1,0
幸福面中面,,2,0,2,2,0,2,0,0,0,0,0,1132,0,0
EAGzzyCSL,,2,0,2,2,0,2,0,0,0,0,0,382,1,0
周山葉榆,,2,0,2,2,0,2,0,0,0,0,0,13978,1,0
中年刘妻悔棋,,2,0,2,2,0,2,0,0,0,0,0,13941,1,0
喻文州笑眯眯地说_,,2,0,2,2,0,2,0,0,0,0,0,13780,1,0
汪大锤我这二次元非当不可嘛,,2,0,2,2,0,2,0,0,0,0,0,13550,1,0
帽上嵌了两颗玻璃珠,,2,0,2,3,0,3,0,0,0,0,0,2516,1,0
天凉了叠纸该寐了,,2,0,2,2,0,2,0,0,0,0,0,13437,1,0
英婋,,2,0,2,2,0,2,0,0,0,0,0,47294,1,0
临圆,,2,0,2,2,0,2,0,0,0,0,0,275,0,0
一千君_从零开始,,2,0,2,2,0,2,0,0,0,0,0,599,0,0
梦见的世界,,2,0,2,2,0,2,0,0,0,0,0,1038,0,0
扑向大海的小黑猫,,2,0,2,2,0,2,0,0,0,0,0,12557,1,0
玫瑰花Public,,2,0,2,2,0,2,0,0,0,0,0,375,1,0
三星望月寻剑仙,,2,0,2,2,0,2,0,0,0,0,0,504,0,0
不吐槽会死星人,,2,0,2,2,0,2,0,0,0,0,0,597,0,0
魔息大帝-魔息珥图,,2,0,2,2,0,2,0,0,0,0,0,2514,1,0
和耶耶,,2,0,2,2,0,2,0,0,0,0,0,2875,1,0
天鹰计划,,2,0,2,3,0,3,0,0,0,0,0,1036,0,0
希酱君,,2,0,2,3,0,3,0,0,0,0,0,1035,0,0
-山冈凛断肢存放点右转20米-,,2,0,2,2,0,2,0,0,0,0,0,369,1,0
迷途喵_OvO,,2,0,2,2,0,2,0,0,0,0,0,1034,0,0
龙骑士ZMCII,,2,0,2,4,0,4,0,0,0,0,0,1033,0,0
事实胜于雄_辩,,2,0,2,2,0,2,0,0,0,0,0,2873,1,0
一步步一天天,,2,0,2,2,0,2,0,0,0,0,0,569,0,0
每天25h高强度看女性,,2,0,2,2,0,2,0,0,0,0,0,10759,1,0
EOE绝无回旋余地,,2,0,2,2,0,2,0,0,0,0,0,1027,0,0
精城第一大煽人,,2,0,2,2,0,2,0,0,0,0,0,2872,1,0
塔奇克马二号机,,2,0,2,3,0,3,0,0,0,0,0,854,0,0
苏木小姐9503v_93,,2,0,2,4,0,4,0,0,0,0,0,264,0,0
run猫团儿_夏天太招虫,,2,0,2,2,0,2,0,0,0,0,0,10362,1,0
金轮爷爷哈哈哈,,2,0,2,2,0,2,0,0,0,0,0,1023,0,0
郭叔叔看了都摇头,,2,0,2,2,0,2,0,0,0,0,0,156,0,0
发酵MusHRooM,,2,0,2,2,0,2,0,0,0,0,0,10259,1,0
Q_Neo,,2,0,2,6,0,6,0,0,0,0,0,1021,0,0
旅行饭团_,,2,0,2,2,0,2,0,0,0,0,0,3053,1,0
minming_u,,2,0,2,2,0,2,0,0,0,0,0,10016,1,0
创创创创创创创创创死你,,2,0,2,2,0,2,0,0,0,0,0,360,1,0
木林盛森,,2,0,2,2,0,2,0,0,0,0,0,1353,0,0
22qNdsJ,,2,0,2,2,0,2,0,0,0,0,0,1314,0,0
电搅,,2,0,2,2,0,2,0,0,0,0,0,341,0,0
zero_10179,,2,0,2,2,0,2,0,0,0,0,0,2118,0,0
皮蛋solo粥粥啊,,2,0,2,4,0,4,0,0,0,0,0,2340,1,0
家用不合群神奇宝贝,,2,0,2,2,0,2,0,0,0,0,0,9531,1,0
单宁Leyitia,,2,0,2,2,0,2,0,0,0,0,0,9440,1,0
-used挨着-,,2,0,2,4,0,4,0,0,0,0,0,1010,0,0
今夜檀香,,2,0,2,3,0,3,0,0,0,0,0,1008,0,0
Tx3涂柒_大号登不上版,,2,0,2,2,0,2,0,0,0,0,0,9096,1,0
自言自语的芝芝,,2,0,2,3,0,3,0,0,0,0,0,2341,1,0
遥远的彗星一直在这里,,2,0,2,5,0,5,0,0,0,0,0,2351,1,0
nak水母炸菠菜,,2,0,2,2,0,2,0,0,0,0,0,3980,1,0
飞胜历云,,2,0,2,2,0,2,0,0,0,0,0,2102,1,0
NPC-KAITO,,2,0,2,2,0,2,0,0,0,0,0,1171,0,0
沈朝辞Twilight,,2,0,2,2,0,2,0,0,0,0,0,8835,1,0
LyTongx,,2,0,2,2,0,2,0,0,0,0,0,8815,1,0
小桌桌历险记,,2,0,2,2,0,2,0,0,0,0,0,8800,1,0
五月初五多鱼转晴,,2,0,2,4,0,4,0,0,0,0,0,2344,1,0
沉默可丽饼,,2,0,2,2,0,2,0,0,0,0,0,8731,1,0
呃我不太清楚,,2,0,2,2,0,2,0,0,0,0,0,8440,1,0
用户7868317624不想改就算了,,2,0,2,4,0,4,0,0,0,0,0,3237,0,0
SleepPope,,2,0,2,2,0,2,0,0,0,0,0,1891,0,0
吉奇维索,,2,0,2,3,0,3,0,0,0,0,0,273,0,0
lkjhgfdsa202203,,2,0,2,2,0,2,0,0,0,0,0,1002,0,0
噼里啪啦蹦蹦啦咔啦咔嚓嚓嚓,,2,0,2,2,0,2,0,0,0,0,0,3982,1,0
Amicia不怕鼠鼠,,2,0,2,2,0,2,0,0,0,0,0,1160,0,0
气泡砂糖橘子酱,,2,0,2,2,0,2,0,0,0,0,0,8126,1,0
白萝卜牛肉汤,,2,0,2,2,0,2,0,0,0,0,0,724,0,0
sugar就是盐,,2,0,2,2,0,2,0,0,0,0,0,7995,1,0
为了熵增献上你的灵魂吧,,2,0,2,2,0,2,0,0,0,0,0,3981,1,0
黄前久美子厨_,,2,0,2,2,0,2,0,0,0,0,0,1157,0,0
夏林Xialinlin,,2,0,2,2,0,2,0,0,0,0,0,7787,1,0
符合兴趣的微梦创科return,,2,0,2,2,0,2,0,0,0,0,0,48735,1,0
土土不是士士,,2,0,2,2,0,2,0,0,0,0,0,7761,1,0
之原_,,2,0,2,2,0,2,0,0,0,0,0,7728,1,0
克羅迪厄斯VIII,,2,0,2,2,0,2,0,0,0,0,0,1153,0,0
阴间使者在人民广场吃炸鸡,,2,0,2,2,0,2,0,0,0,0,0,2639,1,0
以声相许Yuffie,,2,0,2,2,0,2,0,0,0,0,0,2608,0,0
这世界真迷惑,,2,0,2,2,0,2,0,0,0,0,0,7236,1,0
菌菇猫猫,,2,0,2,2,0,2,0,0,0,0,0,7156,1,0
好想叹早茶又唔想起咁早,,2,0,2,2,0,2,0,0,0,0,0,1146,0,0
摸影子过河,,2,0,2,3,0,3,0,0,0,0,0,3921,1,0
小暗_时间不够用,,2,0,2,2,0,2,0,0,0,0,0,833,0,0
奈奈子的煎蛋,,2,0,2,2,0,2,0,0,0,0,0,3950,1,0
凝聚神与心建此不夜城,,2,0,2,2,0,2,0,0,0,0,0,952,0,0
虚无风暴,,2,0,2,2,0,2,0,0,0,0,0,990,0,0
风扇不通电,,2,0,2,2,0,2,0,0,0,0,0,549,0,0
马l扇了杨森,,2,0,2,2,0,2,0,0,0,0,0,2862,1,0
帝都宅基地,,2,0,2,2,0,2,0,0,0,0,0,2767,0,0
用户9865458877,,2,0,2,2,0,2,0,0,0,0,0,4045,0,0
王仲羿,,2,0,2,2,0,2,0,0,0,0,0,327,0,0
23时59分的春天树,,2,0,2,2,0,2,0,0,0,0,0,4178,1,0
北盐沙丁鱼,,2,0,2,4,0,4,0,0,0,0,0,6392,1,0
荀我,,2,0,2,2,0,2,0,0,0,0,0,3108,1,0
杨枝甘露全肯定bot,,2,0,2,2,0,2,0,0,0,0,0,6206,1,0
叉骨来一斤,,2,0,2,2,0,2,0,0,0,0,0,3038,1,0
版号出版BOT,,2,0,2,2,0,2,0,0,0,0,0,22,0,0
易拉宝三号,,2,0,2,2,0,2,0,0,0,0,0,979,0,0
互联网冲浪笔记,,2,0,2,2,0,2,0,0,0,0,0,6107,1,0
此方宥沐,,2,0,2,3,0,3,0,0,0,0,0,977,0,0
用户6313146908,,2,0,2,2,0,2,0,0,0,0,0,1708,0,0
镜中花_Rewolf,,2,0,2,5,0,5,0,0,0,0,0,971,0,0
闪亮亮真夜荧光碎片,,2,0,2,2,0,2,0,0,0,0,0,2353,1,0
再骂骟你-,,2,0,2,2,0,2,0,0,0,0,0,48595,1,0
半生负芸芸,,2,0,2,2,0,2,0,0,0,0,0,196,0,0
熊了个喵了个咪,,2,0,2,2,0,2,0,0,0,0,0,960,0,0
摸鱼的筱葉子,,2,0,2,2,0,2,0,0,0,0,0,582,0,0
喜欢你和阳光,,2,0,2,3,0,3,0,0,0,0,0,205,0,0
二哈的微观世界,,2,0,2,2,0,2,0,0,0,0,0,48911,0,0
恬味养乐多,,2,0,2,2,0,2,0,0,0,0,0,5586,1,0
赛赛水,,2,0,2,2,0,2,0,0,0,0,0,867,0,0
庆云涟漪,,2,0,2,2,0,2,0,0,0,0,0,1613,0,0
闫钟峰,,2,0,2,2,0,2,0,0,0,0,0,722,0,0
玙冰,,2,0,2,2,0,2,0,0,0,0,0,345,1,0
地下天使_station,,2,0,2,2,0,2,0,0,0,0,0,5299,1,0
世纪无法躲超级大雨水火电雷光,,2,0,2,2,0,2,0,0,0,0,0,49044,0,0
知男而退不可耻,,2,0,2,3,0,3,0,0,0,0,0,49024,0,0
夏天澜,,2,0,2,3,0,3,0,0,0,0,0,951,0,0
神秘东大巴拉特,,2,0,2,2,0,2,0,0,0,0,0,81,0,0
诶亚人士,,2,0,2,2,0,2,0,0,0,0,0,47273,1,0
挚爱莫扎特,,2,0,2,2,0,2,0,0,0,0,0,116,0,0
昵称就是谁,,2,0,2,2,0,2,0,0,0,0,0,949,0,0
McMillan_L,,2,0,2,2,0,2,0,0,0,0,0,1567,0,0
蘇蘇人1号-Ado厨,,2,0,2,2,0,2,0,0,0,0,0,47774,1,0
文活武使,,2,0,2,2,0,2,0,0,0,0,0,2207,0,0
椒盐二狗,,2,0,2,2,0,2,0,0,0,0,0,2205,0,0
Pink给我力量,,2,0,2,2,0,2,0,0,0,0,0,3515,0,0
B2隱形轟炸機Spirit,,2,0,2,2,0,2,0,0,0,0,0,785,0,0
秦客shin,,2,0,2,2,0,2,0,0,0,0,0,76,0,0
_酒亿少女的梦,,2,0,2,2,0,2,0,0,0,0,0,4993,1,0
几忆年少轻狂时,,2,0,2,2,0,2,0,0,0,0,0,1394,0,0
狮子L_Yeah,,2,0,2,2,0,2,0,0,0,0,0,4216,1,0
用户462843385,,2,0,2,2,0,2,0,0,0,0,0,48909,0,0
用户7636754756,,2,0,2,4,0,4,0,0,0,0,0,939,0,0
大人请用餐,,2,0,2,2,0,2,0,0,0,0,0,47276,1,0
天净鸿声远,,2,0,2,2,0,2,0,0,0,0,0,1665,0,0
玻璃小鱼日记本,,2,0,2,2,0,2,0,0,0,0,0,4770,1,0
天才烤肉太郎,,2,0,2,2,0,2,0,0,0,0,0,47572,1,0
NekoNyanyaXwX,,2,0,2,2,0,2,0,0,0,0,0,4765,1,0
东北阿阳_9,,2,0,2,2,0,2,0,0,0,0,0,879,0,0
quittingbeing,,2,0,2,2,0,2,0,0,0,0,0,4424,1,0
JIMMYs动画剧场,,1,1,2,2,1,3,1,1,1,1,0,49316,0,0
买臣负薪,,2,0,2,2,0,2,0,0,0,0,0,49315,0,0
日月曰文,,2,0,2,2,0,2,0,0,0,0,0,47516,1,0
光州空输一般兵,,2,0,2,2,0,2,0,0,0,0,0,135,0,0
哥布林小喽啰,,2,0,2,2,0,2,0,0,0,0,0,765,0,0
用户7070820097,,2,0,2,2,0,2,0,0,0,0,0,509,0,0
大碗胡辣湯不要丸子,,2,0,2,2,0,2,0,0,0,0,0,455,0,0
徐婧晨的小泳衣,,2,0,2,2,0,2,0,0,0,0,0,925,0,0
这得有多大仇,,2,0,2,2,0,2,0,0,0,0,0,1889,0,0
艾莲_乔,,2,0,2,2,0,2,0,0,0,0,0,1431,0,0
请给一些我时间,,2,0,2,2,0,2,0,0,0,0,0,1769,1,0
创造晴天201113,,2,0,2,2,0,2,0,0,0,0,0,453,0,0
巴氏小体猎手,,2,0,2,4,0,4,0,0,0,0,0,1962,0,0
AAA更换空调套件,,2,0,2,2,0,2,0,0,0,0,0,452,0,0
魔弹射手-立志成为一般社员,,2,0,2,2,0,2,0,0,0,0,0,1875,0,0
灵乌路蝎_傻蝎,,2,0,2,2,0,2,0,0,0,0,0,1252,0,0
Deathmore4369,,2,0,2,2,0,2,0,0,0,0,0,64,0,0
在百合花中看见天堂2,,2,0,2,2,0,2,0,0,0,0,0,450,0,0
狂吮维尔汀的小雪,,2,0,2,2,0,2,0,0,0,0,0,50,0,0
_青金_,,2,0,2,3,0,3,0,0,0,0,0,4447,1,0
书柜锁骨,,2,0,2,2,0,2,0,0,0,0,0,11306,1,0
今天Microsoft365打折了么,,2,0,2,2,0,2,0,0,0,0,0,47033,0,0
菲菲露露aa,,1,1,2,1,1,2,1,1,1,0,0,49115,1,0
要买alfaromeo的可乐君,,2,0,2,2,0,2,0,0,0,0,0,1686,0,0
INTO1-一个馒头,,2,0,2,2,0,2,0,0,0,0,0,48996,1,0
那还真是可笑呢,,2,0,2,2,0,2,0,0,0,0,0,518,0,0
头发一个猛子扎进土地里,,2,0,2,2,0,2,0,0,0,0,0,2512,1,0
风雨晴澜,,2,0,2,2,0,2,0,0,0,0,0,442,0,0
对不起蕊蕊,,2,0,2,2,0,2,0,0,0,0,0,270,0,0
追命猫咪,,2,0,2,2,0,2,0,0,0,0,0,805,0,0
顺流大海,,2,0,2,2,0,2,0,0,0,0,0,559,0,0
超级无敌战神6,,2,0,2,3,0,3,0,0,0,0,0,436,0,0
十六进制摇滚小熊,,2,0,2,10,0,10,0,0,0,0,0,1982,0,0
最美的红色,,2,0,2,2,0,2,0,0,0,0,0,430,0,0
Faaaaaaaaiz,,2,0,2,2,0,2,0,0,0,0,0,426,0,0
匂宫出梦-,,2,0,2,2,0,2,0,0,0,0,0,425,0,0
爱女TV,,2,0,2,2,0,2,0,0,0,0,0,312,0,0
猫的便便,,2,0,2,2,0,2,0,0,0,0,0,3771,0,0
风若吹过盛夏光年,,2,0,2,2,0,2,0,0,0,0,0,419,0,0
用户7947212987,,2,0,2,2,0,2,0,0,0,0,0,49113,1,0
无业骑空士,,2,0,2,3,0,3,0,0,0,0,0,704,0,0
糖醋排骨和芋泥,,2,0,2,2,0,2,0,0,0,0,0,48076,0,0
晁h_DODO,,2,0,2,4,0,4,0,0,0,0,0,48073,0,0
夹蛆殖贱汪狗吠,,2,0,2,2,0,2,0,0,0,0,0,866,0,0
屋有恶犬,,2,0,2,2,0,2,0,0,0,0,0,927,0,0
学霸冬冬,,2,0,2,2,0,2,0,0,0,0,0,788,0,0
扶了你了啊,,2,0,2,2,0,2,0,0,0,0,0,11320,0,0
天使暗翼,,2,0,2,2,0,2,0,0,0,0,0,694,0,0
-玫瑰海日落-,,2,0,2,2,0,2,0,0,0,0,0,2432,1,0
bobwell_51198,,2,0,2,2,0,2,0,0,0,0,0,49321,0,0
特勤干员真白友也,,2,0,2,2,0,2,0,0,0,0,0,3686,0,0
贪吃柴柴希罗,,2,0,2,3,0,3,0,0,0,0,0,901,0,0
本杰明巴菲特,,2,0,2,2,0,2,0,0,0,0,0,1482,0,0
大哥-200703,,2,0,2,2,0,2,0,0,0,0,0,11535,1,0
wildrood,,2,0,2,3,0,3,0,0,0,0,0,137,0,0
胡猫_Monsoon,,2,0,2,2,0,2,0,0,0,0,0,826,0,0
困得不行的移动电线杆,,2,0,2,2,0,2,0,0,0,0,0,1485,0,0
槛牢中的满月,,2,0,2,2,0,2,0,0,0,0,0,237,0,0
用户7908007049,,2,0,2,2,0,2,0,0,0,0,0,1911,0,0
___Tommy,,2,0,2,2,0,2,0,0,0,0,0,1516,0,0
苏州国寿小助理,,2,0,2,2,0,2,0,0,0,0,0,48702,1,0
用户7829134460,,2,0,2,2,0,2,0,0,0,0,0,48045,1,0
morpheusforshy,,2,0,2,2,0,2,0,0,0,0,0,48033,1,0
GUNDAM-EXIA,,2,0,2,2,0,2,0,0,0,0,0,1907,0,0
马尔萨斯的幽灵,,2,0,2,2,0,2,0,0,0,0,0,49758,0,0
某珂学的棒棒鸭,,2,0,2,2,0,2,0,0,0,0,0,79,0,0
做梦多端呆胖子,,2,0,2,2,0,2,0,0,0,0,0,2097,0,0
goodluck_lzh,,2,0,2,2,0,2,0,0,0,0,0,122,0,0
Mobscene_,,2,0,2,2,0,2,0,0,0,0,0,49592,0,0
亚洲动保之父,,2,0,2,2,0,2,0,0,0,0,0,1694,1,0
mumumu暮暮暮,,2,0,2,2,0,2,0,0,0,0,0,926,0,0
阿缇姆-,,2,0,2,2,0,2,0,0,0,0,0,822,0,0
哑灮,,2,0,2,2,0,2,0,0,0,0,0,1710,0,0
西湖葱包烩,,2,0,2,2,0,2,0,0,0,0,0,918,0,0
狐蔚榊檀,,2,0,2,2,0,2,0,0,0,0,0,4296,1,0
Sher-Holmes,,2,0,2,2,0,2,0,0,0,0,0,1246,0,0
凯瑞sjs,,2,0,2,2,0,2,0,0,0,0,0,551,1,0
饼饼母亲,,2,0,2,2,0,2,0,0,0,0,0,723,0,0
强梁CC,,2,0,2,3,0,3,0,0,0,0,0,398,0,0
真的ukelele,,2,0,2,4,0,4,0,0,0,0,0,2343,1,0
夹期徒刑,,2,0,2,2,0,2,0,0,0,0,0,1560,0,0
爆鳞龙810号,,2,0,2,2,0,2,0,0,0,0,0,517,1,0
Kplus_official,,2,0,2,2,0,2,0,0,0,0,0,3336,1,0
爱神之心Mk_II,,2,0,2,2,0,2,0,0,0,0,0,1930,0,0
紫薯·芋泥,,2,0,2,2,0,2,0,0,0,0,0,48015,1,0
地外势力大白鸟,,2,0,2,2,0,2,0,0,0,0,0,3601,1,0
moneycomfortme,,2,0,2,2,0,2,0,0,0,0,0,48021,1,0
雾锁寒江-,,2,0,2,2,0,2,0,0,0,0,0,743,0,0
毓毓毓茴,,2,0,2,2,0,2,0,0,0,0,0,11345,1,0
爱媛媛的胖果果,,2,0,2,2,0,2,0,0,0,0,0,1788,0,0
血色浪漫13575,,2,0,2,2,0,2,0,0,0,0,0,48044,1,0
Lyric176832,,2,0,2,2,0,2,0,0,0,0,0,2503,1,0
不是南夏,,2,0,2,2,0,2,0,0,0,0,0,2424,1,0
白麟泽,,2,0,2,2,0,2,0,0,0,0,0,48016,1,0
無界長空,,2,0,2,2,0,2,0,0,0,0,0,49971,0,0
先知维纶,,2,0,2,2,0,2,0,0,0,0,0,790,0,0
EVA小皇,,2,0,2,2,0,2,0,0,0,0,0,1882,0,0
夹总闸总,,2,0,2,3,0,3,0,0,0,0,0,155,0,0
大梦不觉惊坐起,,2,0,2,2,0,2,0,0,0,0,0,16,0,0
Samhoter-II型,,2,0,2,2,0,2,0,0,0,0,0,842,0,0
卢克安德夕,,2,0,2,2,0,2,0,0,0,0,0,726,0,0
红豆原子牛奶糖,,2,0,2,2,0,2,0,0,0,0,0,1535,0,0
忠君体国,,2,0,2,2,0,2,0,0,0,0,0,131,0,0
海川maxx,,2,0,2,2,0,2,0,0,0,0,0,72,0,0
绯村落,,2,0,2,2,0,2,0,0,0,0,0,1604,0,0
牧豚员天天,,2,0,2,2,0,2,0,0,0,0,0,208,0,0
勃面包一般兵,,2,0,2,2,0,2,0,0,0,0,0,1471,0,0
NFYOKO0706,,2,0,2,3,0,3,0,0,0,0,0,118,0,0
内蒙古焦炸丸,,2,0,2,2,0,2,0,0,0,0,0,80,0,0
一个好町,,2,0,2,2,0,2,0,0,0,0,0,113,0,0
除夕夜守年,,2,0,2,2,0,2,0,0,0,0,0,227,0,0
惊风羽,,2,0,2,2,0,2,0,0,0,0,0,1,0,0
Sturmpanzer43,,2,0,2,2,0,2,0,0,0,0,0,255,0,0
谨言慎行的萌萌,,2,0,2,2,0,2,0,0,0,0,0,247,0,0
单纯可爱的大宝,,2,0,2,2,0,2,0,0,0,0,0,895,0,0
钱理德,,2,0,2,2,0,2,0,0,0,0,0,1916,0,0
为什么改名这么困难呢,,2,0,2,2,0,2,0,0,0,0,0,884,0,0
西京online,,2,0,2,2,0,2,0,0,0,0,0,234,0,0
真轩辕剑,,2,0,2,2,0,2,0,0,0,0,0,230,0,0
我只用雕牌,,2,0,2,2,0,2,0,0,0,0,0,0,0,0
用户7454325726,,2,0,2,4,0,4,0,0,0,0,0,225,0,0
三重大太阳鱼,,2,0,2,2,0,2,0,0,0,0,0,850,0,0
Bismuthselenide,,2,0,2,2,0,2,0,0,0,0,0,86,0,0
16花4火,,2,0,2,2,0,2,0,0,0,0,0,47132,0,0
请在此输入id,,2,0,2,2,0,2,0,0,0,0,0,534,0,0
Rukino流木野,,2,0,2,2,0,2,0,0,0,0,0,829,0,0
TangDon唐,,2,0,2,3,0,3,0,0,0,0,0,813,0,0
宅猫想要游历九界,,2,0,2,2,0,2,0,0,0,0,0,206,0,0
聖沙蒙突擊型,,2,0,2,2,0,2,0,0,0,0,0,802,0,0
Skybluu,,2,0,2,2,0,2,0,0,0,0,0,3964,1,0
睁眼看世界就是香,,2,0,2,2,0,2,0,0,0,0,0,789,0,0
显卡有病,,2,0,2,2,0,2,0,0,0,0,0,787,0,0
摩根睁眼看世界,,2,0,2,3,0,3,0,0,0,0,0,501,0,0
散宝与博士的秘密生活,,2,0,2,3,0,3,0,0,0,0,0,780,0,0
-篠澤広-,,2,0,2,2,0,2,0,0,0,0,0,571,0,0
Stefan周周,,2,0,2,2,0,2,0,0,0,0,0,762,0,0
猴子也懂的必杀剑,,2,0,2,2,0,2,0,0,0,0,0,568,0,0
古典未来普信主义,,2,0,2,2,0,2,0,0,0,0,0,62,0,0
咏夜抄,,2,0,2,2,0,2,0,0,0,0,0,183,0,0
jhghyfv,,2,0,2,2,0,2,0,0,0,0,0,1580,0,0
鹿角巷束发带,,2,0,2,2,0,2,0,0,0,0,0,181,0,0
时尚单品排除人,,2,0,2,2,0,2,0,0,0,0,0,1808,0,0
建风恃雨拿衣裤,,2,0,2,2,0,2,0,0,0,0,0,1413,0,0
木卯RebelNinth,,2,0,2,2,0,2,0,0,0,0,0,1765,0,0
溯流追鱼,,2,0,2,2,0,2,0,0,0,0,0,180,0,0
下次对人敞开心扉是尸检,,2,0,2,2,0,2,0,0,0,0,0,739,0,0
一只无害的生菜君,,2,0,2,2,0,2,0,0,0,0,0,507,0,0
求你看看头像,,2,0,2,2,0,2,0,0,0,0,0,560,0,0
乐一乐又一年,,2,0,2,2,0,2,0,0,0,0,0,1941,0,0
上官鸿晔,,2,0,2,2,0,2,0,0,0,0,0,4008,0,0
明月当空独酌,,2,0,2,2,0,2,0,0,0,0,0,57,0,0
一领淡鹅黄,,2,0,2,3,0,3,0,0,0,0,0,735,0,0
Crabaggio,,2,0,2,2,0,2,0,0,0,0,0,56,0,0
吾道-孤,,2,0,2,3,0,3,0,0,0,0,0,558,0,0
一块小咸鱼干,,2,0,2,2,0,2,0,0,0,0,0,173,0,0
微操战神常凯申,,2,0,2,3,0,3,0,0,0,0,0,325,0,0
为郑太后朝思暮想,,2,0,2,2,0,2,0,0,0,0,0,1489,0,0
你先喵喵,,2,0,2,3,0,3,0,0,0,0,0,1654,0,0
嘛时候是津门第一呢丶,,2,0,2,2,0,2,0,0,0,0,0,556,0,0
大中小大小,,2,0,2,2,0,2,0,0,0,0,0,1231,0,0
临川介甫,,2,0,2,2,0,2,0,0,0,0,0,715,0,0
格兰德英语,,2,0,2,2,0,2,0,0,0,0,0,2416,1,0
六道天道丶zero_,,2,0,2,3,0,3,0,0,0,0,0,18,0,0
雨后一盏茶,,2,0,2,2,0,2,0,0,0,0,0,1793,0,0
东京八十万萝莉教头喵喵冲,,2,0,2,2,0,2,0,0,0,0,0,3,0,0
梦丶哆啦,,2,0,2,2,0,2,0,0,0,0,0,17,0,0
第四十八页第六章,,2,0,2,2,0,2,0,0,0,0,0,689,0,0
甜豆哈dYdd做个曹子桓,,2,0,2,2,0,2,0,0,0,0,0,526,0,0
发毛的喵哥,,2,0,2,2,0,2,0,0,0,0,0,524,0,0
幻夜流云MK2,,2,0,2,2,0,2,0,0,0,0,0,527,0,0
贫道镇杀尔等,,2,0,2,2,0,2,0,0,0,0,0,691,0,0
帝皇之夹,,2,0,2,2,0,2,0,0,0,0,0,1655,0,0
水纹与,,2,0,2,2,0,2,0,0,0,0,0,520,0,0
黑木河,,2,0,2,2,0,2,0,0,0,0,0,164,0,0
g米花86,,2,0,2,2,0,2,0,0,0,0,0,513,0,0
YakumoRan,,2,0,2,2,0,2,0,0,0,0,0,512,0,0
千祀_null,,2,0,2,2,0,2,0,0,0,0,0,2329,1,0
这是在干神魔呢,,2,0,2,2,0,2,0,0,0,0,0,1277,0,0
蚱孖,,2,0,2,3,0,3,0,0,0,0,0,495,0,0
泠雨泪,,2,0,2,2,0,2,0,0,0,0,0,494,0,0